USE angi_db;

-- Platforms
INSERT INTO Platform (platform_id, platform_name) VALUES 
(1, 'Foody'),
(2, 'BeFood');

-- Cities
INSERT INTO City (city_id, city_name) VALUES 
(1, 'Ha Noi'),
(2, 'TP. HCM');

-- Districts
INSERT INTO District (district_id, district_name) VALUES
(1, 'Ba Đình'),
(2, 'Hoàn Kiếm'),
(3, 'Tây Hồ'),
(4, 'Long Biên'),
(5, 'Cầu Giấy'),
(6, 'Đống Đa'),
(7, 'Hai Bà Trưng'),
(8, 'Hoàng Mai'),
(9, 'Thanh Xuân'),
(10, 'Quận 1'),
(11, 'Quận 2'),
(12, 'Quận 3'),
(13, 'Quận 4'),
(14, 'Quận 5'),
(15, 'Quận 6'),
(16, 'Quận 7'),
(17, 'Quận 8'),
(18, 'Quận 9'),
(19, 'Quận 10'),
(20, 'Quận 11'),
(21, 'Quận 12'),
(22, 'Bình Thạnh'),
(23, 'Phú Nhuận'),
(24, 'Tân Bình'),
(25, 'Tân Phú'),
(26, 'Gò Vấp'),
(27, 'Bình Tân');

-- Users
INSERT INTO User (user_id, user_name, platform_id) VALUES
(1, 'patrick39', 1),
(2, 'sullivansarah', 1),
(3, 'michael96', 2),
(4, 'ambersmall', 1),
(5, 'heather17', 1),
(6, 'jackson70', 1),
(7, 'matthewlee', 1),
(8, 'hillerika', 1),
(9, 'annascott', 2),
(10, 'anna84', 1),
(11, 'tweeks', 1),
(12, 'jasonatkinson', 1),
(13, 'lgutierrez', 1),
(14, 'lewisjason', 1),
(15, 'browningjames', 1),
(16, 'tiffanyward', 1),
(17, 'svega', 2),
(18, 'caitlyn56', 1),
(19, 'david25', 2),
(20, 'elainecooper', 2),
(21, 'victoria00', 1),
(22, 'jordancarter', 1),
(23, 'matthewsjamie', 2),
(24, 'haley03', 2),
(25, 'colonbarry', 2),
(26, 'scottbrown', 1),
(27, 'frenchbilly', 1),
(28, 'grayjessica', 2),
(29, 'andradeashley', 1),
(30, 'fredericklance', 1),
(31, 'chad86', 2),
(32, 'leonardallison', 1),
(33, 'ebony86', 2),
(34, 'shanekim', 2),
(35, 'jeffrey83', 2),
(36, 'sanderserin', 1),
(37, 'chenemily', 2),
(38, 'heidi73', 1),
(39, 'jsnyder', 2),
(40, 'helliott', 1),
(41, 'ybates', 2),
(42, 'rsmith', 2),
(43, 'devin03', 1),
(44, 'danieljimenez', 1),
(45, 'wucrystal', 1),
(46, 'kaitlyn32', 1),
(47, 'meganatkins', 2),
(48, 'cody41', 1),
(49, 'lori36', 1),
(50, 'jjones', 1);

-- Restaurants
INSERT INTO Restaurant (restaurant_id, restaurant_name, latitude, longitude, address, restaurant_rating, review_count, city_id, district_id) VALUES
(1, 'Wood Inc', 14.646294, 106.04659, '43382 Kristina Shore, South Kellyport, HI 24091', 4.59, 83, 2, 21),
(2, 'Neal Group', 12.897447, 106.233022, '860 Russell Streets Suite 928, East Anthony, MA 13052', 4.84, 331, 1, 3),
(3, 'Blair LLC', 16.224934, 106.255189, '0200 Nicholas Mall, Wiseview, IN 74171', 3.66, 138, 1, 6),
(4, 'Bowen, Carlson and Vance', 19.389232, 105.724, '714 Lisa Heights Apt. 505, Morganland, CT 49075', 3.07, 16, 2, 22),
(5, 'Deleon-Jennings', 13.494344, 106.289017, '382 Brenda Forest Apt. 954, Dylanchester, CT 17675', 4.86, 448, 2, 16),
(6, 'Powell, Hicks and Rose', 17.468246, 106.104368, '582 Matthew Route, Justinland, MO 22205', 4.79, 234, 1, 5),
(7, 'Gonzales PLC', 12.181211, 105.755011, 'Unit 1138 Box 1540, DPO AE 63198', 3.85, 382, 2, 22),
(8, 'Wolfe, Graham and Bartlett', 14.460464, 105.502674, '47230 Bishop Hills Apt. 453, Johnsontown, PA 37969', 2.85, 252, 1, 1),
(9, 'Gomez Inc', 19.576305, 106.347159, '700 Kimberly Glens Apt. 386, Reidport, CA 88123', 2.9, 348, 2, 12),
(10, 'Webb, Diaz and Ramsey', 14.693865, 105.904112, '0360 Henderson Harbors Apt. 490, Lake Sherry, FL 82093', 3.67, 128, 1, 2),
(11, 'Young, Gardner and Conley', 17.737531, 105.96303, '480 Blackburn Fields, South Staceymouth, FL 82104', 3.17, 328, 2, 13),
(12, 'Cox Ltd', 13.758376, 106.341842, '6782 Sampson Plaza, Masseyburgh, FL 12253', 2.51, 369, 2, 26),
(13, 'Acevedo-Fleming', 18.560113, 105.992318, 'USNV Garcia, FPO AP 62002', 2.77, 320, 2, 26),
(14, 'Brown, Richardson and Gill', 16.991945, 106.347161, '49534 Turner Gateway Suite 280, East Davidland, NC 20399', 4.41, 276, 1, 6),
(15, 'Butler PLC', 15.758209, 106.388132, '379 Roberts Locks Suite 982, Oconnorville, IL 58470', 3.41, 425, 2, 17),
(16, 'Johnson-Rice', 11.343733, 105.62199, '7049 John Lake, New Michael, AK 07698', 4.87, 43, 2, 12),
(17, 'Blackburn-Anderson', 20.774341, 105.967294, '823 Jensen Points Apt. 917, Jesusport, AR 91943', 2.81, 337, 2, 27),
(18, 'Silva Ltd', 12.442551, 105.972326, '881 David Keys Apt. 095, Petersonbury, FL 76540', 4.02, 493, 1, 9),
(19, 'Salazar-Williams', 18.491468, 105.810132, '18254 Ross Views, Donaldview, ID 44621', 4.28, 204, 2, 24),
(20, 'Perry-Kent', 19.971044, 106.048514, '544 Carlson Throughway Apt. 745, Lake Amanda, MI 11412', 3.12, 32, 2, 10),
(21, 'Williams LLC', 16.780164, 106.269885, '48081 Stacy Extensions, Danielchester, KS 40446', 3.05, 36, 1, 4),
(22, 'Sanders, Long and Adkins', 11.440853, 106.468587, '964 Kelly Forest Suite 667, Williamton, OK 98387', 3.33, 263, 1, 5),
(23, 'Norris and Sons', 17.607022, 106.285763, '28824 Phillips Groves Apt. 916, Alicialand, KS 93568', 2.83, 478, 2, 17),
(24, 'Daniel LLC', 18.792349, 105.692503, '3800 Regina Road, Port Scott, MA 44414', 2.98, 49, 2, 21),
(25, 'Morse PLC', 15.091681, 106.032975, '555 Matthew Burg Suite 830, Wilsonfort, DC 09500', 4.32, 344, 1, 1),
(26, 'Shields LLC', 14.876868, 106.160697, '365 Charles Corner Suite 100, Hernandezshire, KS 62429', 4.65, 127, 1, 4),
(27, 'Curry-Palmer', 16.246929, 106.359818, '33841 Laurie Villages, South William, MN 38343', 2.96, 236, 1, 2),
(28, 'Cordova-Williams', 15.29209, 105.638651, '25029 Felicia Oval Suite 262, West Kaylafort, NM 44492', 3.88, 25, 1, 2),
(29, 'White-Garcia', 20.245262, 105.651304, '4443 Robert Mountains Apt. 613, Andreabury, ND 64764', 2.92, 248, 2, 16),
(30, 'Hughes-Howard', 19.612667, 105.597557, '0817 Melissa Circles, Port Jenniferland, RI 47363', 2.91, 1, 2, 18),
(31, 'Russo Group', 20.24681, 105.714871, '383 Murphy Terrace Suite 350, Jackchester, AZ 17586', 3.21, 356, 2, 14),
(32, 'Bradford, Chan and Jackson', 12.696453, 106.282299, '3712 Melissa Brooks, Beanfurt, OK 80744', 2.65, 376, 1, 6),
(33, 'Lowe-Cook', 11.335944, 105.915822, 'PSC 8338, Box 2740, APO AE 53317', 3.76, 436, 1, 1),
(34, 'Nguyen, Brooks and Roberts', 20.597984, 106.419889, '3095 Monica Passage Suite 696, West John, DE 47579', 2.96, 304, 1, 4),
(35, 'Phillips-Rogers', 14.888699, 105.558404, '132 Murphy Summit, East Roger, CT 01794', 3.92, 296, 1, 2),
(36, 'Carter Inc', 15.047055, 105.916328, '868 Smith Drives, Rodriguezshire, TX 60486', 3.81, 478, 2, 16),
(37, 'Morgan-Gomez', 17.614691, 106.185816, '68476 Charles Heights, Vanessashire, AL 03063', 3.16, 67, 2, 24),
(38, 'Martin-Morse', 13.990816, 105.748136, '2890 Andrew Branch Suite 893, Port Zacharyfort, CO 42781', 2.68, 234, 1, 2),
(39, 'Wells, Dennis and Green', 16.260753, 105.994115, 'PSC 3203, Box 7975, APO AA 33840', 2.83, 178, 1, 4),
(40, 'Murray, Boyd and Murillo', 14.537653, 106.342253, '518 Leonard Inlet Suite 538, East Ashley, AL 94450', 4.58, 360, 2, 26),
(41, 'Wilson Group', 10.830187, 105.682896, '230 Hayden Street, East Christianfurt, NJ 95453', 3.25, 339, 1, 3),
(42, 'Little, Atkinson and Hall', 13.460776, 105.610287, '73602 Elizabeth Trail, East Lindabury, TN 91694', 4.36, 79, 2, 19),
(43, 'Robertson-Robertson', 16.949506, 105.782388, '915 Perkins Cape Apt. 053, Dakotafort, CO 89116', 3.01, 324, 2, 26),
(44, 'Richardson and Sons', 15.757451, 105.594664, '08864 Jade Manors, South Monicamouth, OH 46514', 4.62, 47, 2, 18),
(45, 'Sheppard-Pratt', 11.201889, 106.166443, '89272 Zachary Center Suite 793, New Amberfort, WI 49248', 2.83, 134, 1, 8),
(46, 'Martinez, Figueroa and Hicks', 16.404724, 106.072313, '5455 Melissa Pines, Port Michaelside, AZ 03532', 2.52, 38, 1, 9),
(47, 'Santiago, Robinson and Henderson', 11.119288, 106.130784, '9576 Terry Isle, Coleport, NE 93451', 3.88, 220, 1, 1),
(48, 'Turner, Thompson and Roberts', 13.909648, 105.601019, '894 Goodwin Union Apt. 001, West Hannahberg, IL 71250', 4.49, 440, 1, 6),
(49, 'Finley-Clark', 12.903285, 106.25047, '212 Charles Land Suite 470, Jamesside, MO 33520', 2.76, 399, 2, 14),
(50, 'Torres, Henderson and Taylor', 20.239079, 106.263263, '22741 Sherman Skyway, Heatherbury, MI 41360', 2.91, 409, 1, 7),
(51, 'Brown and Sons', 11.00406, 105.763436, '4617 Murphy Station, West Joshuafort, AL 55047', 3.33, 476, 2, 17),
(52, 'Davis, Hunt and Figueroa', 13.484759, 105.712625, '4162 Anna Station Suite 698, Franklinstad, IL 80742', 2.77, 446, 1, 8),
(53, 'Huber Ltd', 13.029946, 105.683413, '3153 Hughes Ports Apt. 742, Whiteville, RI 76534', 3.65, 156, 1, 4),
(54, 'Hall, Robinson and Washington', 10.99256, 106.30687, '4412 White Orchard, Taylorshire, IA 60846', 3.32, 442, 1, 5),
(55, 'Howard Ltd', 14.349248, 105.990594, '0968 Ballard Lane Apt. 143, Danielmouth, TX 60323', 4.2, 431, 2, 10),
(56, 'Sweeney, Cain and Farmer', 11.932253, 105.529599, '486 Moore Roads Apt. 127, Port Davidchester, CT 18314', 2.95, 492, 2, 11),
(57, 'Holmes Group', 11.861126, 106.065436, '0397 Schneider Extensions, New Joseph, NH 43841', 4.32, 160, 2, 26),
(58, 'Cook Ltd', 11.935369, 105.600495, '601 Velez Mall, Andreaburgh, NJ 03208', 2.98, 22, 2, 10),
(59, 'Moore, Camacho and Porter', 16.079184, 105.693489, '258 Sabrina Station, West Timothyfort, OK 87765', 4.22, 481, 1, 6),
(60, 'Crawford, Herring and Wright', 15.170798, 105.551126, '8157 Samantha Underpass Apt. 990, West Alexander, MS 65081', 4.8, 319, 2, 13),
(61, 'Hampton Ltd', 18.127481, 106.199678, '34951 Anthony Stravenue, West Keith, ME 89144', 3.27, 209, 2, 22),
(62, 'Walter-Long', 17.896386, 105.945588, '7349 Joel Springs Apt. 635, East Nicole, LA 13618', 2.98, 340, 2, 15),
(63, 'Moody, Dudley and Byrd', 17.059028, 106.19905, '0541 Smith Rest, Carlosmouth, SD 49332', 3.87, 0, 2, 19),
(64, 'Johnston-Yates', 12.904373, 105.714241, '3336 Williams Crescent Apt. 403, Melissaburgh, MN 18530', 4.02, 164, 2, 24),
(65, 'Knapp, Smith and Love', 15.282138, 106.286299, '57168 Conrad Tunnel Apt. 816, Port Anthony, PA 25412', 3.68, 461, 1, 2),
(66, 'Peterson LLC', 13.658811, 105.836146, '4834 White Harbor Apt. 046, Calhounburgh, LA 81125', 4.05, 47, 1, 5),
(67, 'Campbell-Williams', 13.052567, 106.30087, '31603 Patricia Island Suite 226, Deborahborough, OK 06896', 2.56, 125, 2, 12),
(68, 'Garcia, Jackson and Contreras', 15.418016, 105.613863, '3952 Katherine Rapids Suite 848, Browntown, WY 14272', 3.94, 367, 2, 25),
(69, 'Boyd-Trevino', 14.846442, 106.352429, '920 Howard Vista, Port Davidchester, KY 38077', 4.22, 457, 1, 7),
(70, 'Braun, Nelson and Barrera', 12.993122, 105.69589, '80234 Harvey Circles, North Patriciamouth, WI 83398', 4.24, 237, 1, 9),
(71, 'Liu-Jones', 13.304282, 105.651664, '902 Bell Neck, North Roberthaven, IN 48419', 3.64, 410, 2, 26),
(72, 'Ruiz, Reynolds and Mcguire', 20.875898, 105.904548, 'Unit 9131 Box 9473, DPO AA 68532', 4.88, 456, 2, 26),
(73, 'Wright-Rodriguez', 15.124093, 105.593145, '8713 Mejia Falls Apt. 697, Port Michael, ME 66241', 3.61, 81, 2, 24),
(74, 'Stewart Ltd', 13.406713, 106.25276, '714 George Knolls, West Matthewbury, FL 33551', 4.09, 392, 2, 17),
(75, 'Hayes-Rivera', 13.564624, 106.422517, '18097 Jones Greens, East Jessica, NJ 17350', 3.21, 139, 2, 20),
(76, 'Powers, Mclaughlin and Harris', 19.903525, 106.419422, '88090 Andrews Islands Apt. 497, Port Reginatown, SD 36676', 2.88, 196, 1, 4),
(77, 'Newton-Hansen', 11.408346, 106.092401, 'USNS Sanders, FPO AE 62638', 3.86, 212, 1, 4),
(78, 'Preston-Fowler', 19.287134, 106.110523, '1836 John Via Suite 558, North Johnny, CT 78644', 4.42, 484, 1, 7),
(79, 'Robbins, Lawrence and Morgan', 15.639042, 105.557258, '17707 Bond Trail Suite 664, South Emilyview, CA 33399', 3.25, 199, 2, 27),
(80, 'Smith-Meadows', 18.412036, 105.953868, '61461 Werner Walks, East Lauriefort, NH 87981', 4.01, 112, 2, 17),
(81, 'Taylor, Chavez and Collins', 13.547587, 106.014358, '010 Laura Terrace, West Blake, ID 11609', 3.47, 342, 2, 15),
(82, 'Reed Ltd', 19.365183, 105.580458, '550 Mendez Extensions Suite 532, North Christy, ME 24914', 4.95, 273, 1, 7),
(83, 'Nelson Group', 16.816901, 105.837, '82956 Thompson Curve Apt. 127, Crosbystad, CA 55069', 2.71, 219, 1, 8),
(84, 'Grant PLC', 12.612723, 106.239844, '973 Delacruz Meadow Apt. 434, Clarktown, NY 24575', 3.32, 232, 2, 20),
(85, 'Garcia, Smith and Wilkins', 18.552605, 106.120874, '3712 Paul Shore, Rogerburgh, AK 52366', 4.38, 425, 2, 18),
(86, 'Haley-Smith', 19.307837, 106.029693, '674 Chan Vista Suite 945, Jacksonberg, ND 71940', 4.37, 26, 2, 17),
(87, 'Henson-Mitchell', 17.413977, 105.718767, '0198 Hill Freeway, Benjaminmouth, FL 10929', 4.13, 386, 1, 4),
(88, 'Mccoy and Sons', 12.793447, 106.47962, '58882 Golden Courts Suite 257, North Rogerbury, UT 17857', 2.88, 64, 2, 13),
(89, 'Johnson-Abbott', 16.530688, 106.282035, '845 Sanford Dam Suite 311, Port Melissafurt, OH 37564', 4.25, 392, 2, 15),
(90, 'Rodriguez Ltd', 16.9604, 105.536265, '656 Dominguez Neck, West Benjamin, MO 15665', 4.3, 398, 1, 5),
(91, 'Garcia-Hughes', 11.858012, 106.474322, '62888 Reed Flats Apt. 485, Lynnmouth, WI 77663', 3.28, 346, 2, 22),
(92, 'Arias Group', 20.400074, 106.30167, '891 Elizabeth Pike Suite 013, Christianberg, IL 61380', 3.98, 425, 1, 2),
(93, 'Perez-Brady', 17.896228, 106.198417, '8286 Kevin Pines, Port Colinton, DC 10130', 4.21, 412, 1, 1),
(94, 'Armstrong-Avila', 14.308839, 106.071622, '9013 Lee Trace, North Monicabury, KS 55278', 3.43, 259, 2, 10),
(95, 'Richards LLC', 19.45815, 105.677669, '518 Bond Mall Suite 725, Port Terry, AR 60548', 2.76, 491, 2, 24),
(96, 'Brown-Parker', 17.999914, 106.064513, '909 Michelle Views Apt. 999, Schmidtside, MI 85124', 4.33, 494, 2, 27),
(97, 'Travis Group', 18.690075, 106.035126, '93972 Schultz Freeway Apt. 425, Garnerburgh, AK 65569', 4.56, 303, 2, 20),
(98, 'Valenzuela-Oneal', 19.48006, 105.669269, '572 Stevenson View Suite 689, East Rhondamouth, VA 30038', 2.72, 451, 2, 17),
(99, 'Ramirez, Johnson and Smith', 18.442382, 105.93015, '492 Danielle Mountains Suite 198, Lake Lynn, IA 86389', 4.17, 172, 1, 8),
(100, 'Conrad and Sons', 19.472267, 106.31816, '1222 David Trail Suite 175, Valdezchester, LA 91179', 3.03, 408, 2, 20);

-- Dishes
INSERT INTO Dish (dish_id, item_name, restaurant_id, category_name, price) VALUES
(1, 'Guy', 1, 'Dessert', 178.46),
(2, 'Soldier', 1, 'Main Course', 120.04),
(3, 'Third', 1, 'Drink', 35.41),
(4, 'Speak', 1, 'Main Course', 107.94),
(5, 'Agent', 1, 'Drink', 144.31),
(6, 'Gun', 1, 'Appetizer', 100.67),
(7, 'Already', 2, 'Drink', 72.96),
(8, 'Seek', 2, 'Dessert', 144.52),
(9, 'Audience', 2, 'Dessert', 139.51),
(10, 'Low', 2, 'Dessert', 105.19),
(11, 'Economic', 3, 'Dessert', 199.39),
(12, 'Teach', 3, 'Drink', 83.33),
(13, 'Try', 3, 'Dessert', 68.76),
(14, 'If', 3, 'Main Course', 61.5),
(15, 'Book', 3, 'Main Course', 76.8),
(16, 'Trouble', 3, 'Drink', 54.48),
(17, 'Long', 3, 'Dessert', 69.77),
(18, 'Maybe', 4, 'Dessert', 169.87),
(19, 'Suddenly', 4, 'Main Course', 60.95),
(20, 'Eye', 4, 'Main Course', 74.41),
(21, 'Blue', 4, 'Appetizer', 69.38),
(22, 'Real', 5, 'Main Course', 145.54),
(23, 'Real', 5, 'Drink', 134.82),
(24, 'Material', 5, 'Appetizer', 38.47),
(25, 'Ball', 5, 'Drink', 123.33),
(26, 'Bad', 5, 'Dessert', 106.17),
(27, 'So', 5, 'Appetizer', 53.19),
(28, 'Short', 6, 'Drink', 189.39),
(29, 'Affect', 6, 'Appetizer', 40.54),
(30, 'Eye', 6, 'Appetizer', 92.13),
(31, 'Could', 6, 'Appetizer', 123.86),
(32, 'Federal', 6, 'Dessert', 47.31),
(33, 'Without', 6, 'Main Course', 35.33),
(34, 'Mind', 7, 'Drink', 120.45),
(35, 'Down', 7, 'Main Course', 129.14),
(36, 'They', 7, 'Drink', 159.62),
(37, 'Already', 7, 'Drink', 101.09),
(38, 'Two', 8, 'Drink', 174.83),
(39, 'Difficult', 8, 'Appetizer', 74.97),
(40, 'Identify', 8, 'Appetizer', 129.73),
(41, 'Cultural', 8, 'Main Course', 190.57),
(42, 'Size', 8, 'Dessert', 132.59),
(43, 'Natural', 8, 'Main Course', 138.88),
(44, 'Understand', 9, 'Appetizer', 51.29),
(45, 'Power', 9, 'Drink', 48.18),
(46, 'Job', 9, 'Drink', 101.09),
(47, 'Difference', 9, 'Main Course', 72.43),
(48, 'Else', 9, 'Dessert', 71.86),
(49, 'Character', 10, 'Main Course', 32.81),
(50, 'He', 10, 'Main Course', 186.3),
(51, 'Total', 10, 'Main Course', 96.53),
(52, 'Value', 10, 'Dessert', 136.57),
(53, 'Range', 10, 'Appetizer', 168.79),
(54, 'Simple', 10, 'Dessert', 30.73),
(55, 'Oil', 10, 'Dessert', 127.11),
(56, 'Nearly', 11, 'Dessert', 42.38),
(57, 'Seek', 11, 'Dessert', 145.95),
(58, 'Name', 11, 'Drink', 110.08),
(59, 'Cell', 11, 'Appetizer', 98.8),
(60, 'Easy', 11, 'Dessert', 180.1),
(61, 'Vote', 11, 'Appetizer', 128.67),
(62, 'Night', 11, 'Appetizer', 36.44),
(63, 'Long', 12, 'Main Course', 123.72),
(64, 'Bill', 12, 'Drink', 104.69),
(65, 'National', 12, 'Main Course', 184.89),
(66, 'Economy', 12, 'Drink', 199.45),
(67, 'Garden', 12, 'Drink', 134.26),
(68, 'Building', 12, 'Drink', 194.43),
(69, 'Still', 13, 'Dessert', 93.5),
(70, 'Happen', 13, 'Main Course', 140.62),
(71, 'Night', 13, 'Drink', 79.36),
(72, 'Result', 13, 'Drink', 71.88),
(73, 'Recent', 13, 'Appetizer', 166.44),
(74, 'Drop', 13, 'Dessert', 101.87),
(75, 'Share', 14, 'Drink', 78.19),
(76, 'Day', 14, 'Appetizer', 175.68),
(77, 'Thought', 14, 'Drink', 138.38),
(78, 'Ability', 14, 'Main Course', 94.38),
(79, 'Professional', 14, 'Drink', 113.32),
(80, 'Fall', 14, 'Appetizer', 132.57),
(81, 'Employee', 15, 'Main Course', 68.07),
(82, 'Each', 15, 'Drink', 186.98),
(83, 'Call', 15, 'Drink', 178.55),
(84, 'House', 15, 'Main Course', 41.86),
(85, 'Lose', 15, 'Dessert', 147.76),
(86, 'Dinner', 16, 'Appetizer', 119.41),
(87, 'Town', 16, 'Appetizer', 60.45),
(88, 'Then', 16, 'Appetizer', 103.06),
(89, 'Front', 16, 'Main Course', 136.59),
(90, 'Build', 17, 'Dessert', 187.88),
(91, 'Today', 17, 'Dessert', 111.6),
(92, 'Fly', 17, 'Drink', 94.79),
(93, 'Economy', 17, 'Main Course', 196.44),
(94, 'Area', 17, 'Main Course', 102.22),
(95, 'Shake', 17, 'Main Course', 89.05),
(96, 'Experience', 17, 'Dessert', 175.52),
(97, 'Right', 18, 'Dessert', 81.18),
(98, 'Finally', 18, 'Dessert', 167.7),
(99, 'Position', 18, 'Drink', 150.69),
(100, 'Help', 18, 'Drink', 175.75),
(101, 'Ever', 18, 'Dessert', 116.94),
(102, 'Those', 18, 'Drink', 79.84),
(103, 'Front', 18, 'Dessert', 101.96),
(104, 'Media', 19, 'Main Course', 196.54),
(105, 'Article', 19, 'Main Course', 122.92),
(106, 'Look', 19, 'Drink', 174.08),
(107, 'Father', 19, 'Drink', 27.86),
(108, 'Study', 19, 'Drink', 146.94),
(109, 'Discover', 20, 'Main Course', 197.91),
(110, 'Opportunity', 20, 'Appetizer', 109.16),
(111, 'Believe', 20, 'Dessert', 42.72),
(112, 'Number', 20, 'Drink', 176.55),
(113, 'Spend', 20, 'Drink', 37.95),
(114, 'Tax', 20, 'Main Course', 22.76),
(115, 'Account', 20, 'Main Course', 93.8),
(116, 'Whether', 21, 'Dessert', 104.51),
(117, 'Year', 21, 'Drink', 80.94),
(118, 'Fact', 21, 'Dessert', 136.97),
(119, 'Popular', 21, 'Drink', 173.42),
(120, 'Drug', 22, 'Drink', 132.82),
(121, 'Treat', 22, 'Appetizer', 177.03),
(122, 'Strong', 22, 'Main Course', 131.14),
(123, 'Family', 22, 'Dessert', 133.61),
(124, 'Agree', 22, 'Appetizer', 199.54),
(125, 'Floor', 22, 'Appetizer', 98.11),
(126, 'Information', 23, 'Dessert', 99.86),
(127, 'Give', 23, 'Appetizer', 182.62),
(128, 'Question', 23, 'Appetizer', 78.39),
(129, 'Decade', 23, 'Dessert', 72.81),
(130, 'Accept', 24, 'Drink', 46.2),
(131, 'Box', 24, 'Main Course', 121.87),
(132, 'Response', 24, 'Appetizer', 50.6),
(133, 'Plan', 24, 'Drink', 129.71),
(134, 'List', 24, 'Main Course', 131.55),
(135, 'Enough', 24, 'Main Course', 109.58),
(136, 'Professional', 24, 'Dessert', 61.79),
(137, 'Already', 25, 'Appetizer', 65.96),
(138, 'Popular', 25, 'Drink', 181.8),
(139, 'Treatment', 25, 'Main Course', 182.22),
(140, 'Wonder', 25, 'Dessert', 33.3),
(141, 'Child', 25, 'Dessert', 197.78),
(142, 'Take', 25, 'Drink', 135.01),
(143, 'Police', 25, 'Drink', 144.26),
(144, 'Career', 26, 'Drink', 55.86),
(145, 'Easy', 26, 'Appetizer', 173.6),
(146, 'Power', 26, 'Dessert', 62.7),
(147, 'Everybody', 26, 'Dessert', 123.47),
(148, 'It', 26, 'Drink', 23.95),
(149, 'Worker', 26, 'Appetizer', 69.41),
(150, 'Character', 27, 'Dessert', 169.91),
(151, 'Design', 27, 'Main Course', 159.63),
(152, 'Majority', 27, 'Dessert', 129.27),
(153, 'Blue', 27, 'Main Course', 59.42),
(154, 'Soon', 27, 'Main Course', 131.76),
(155, 'Agreement', 27, 'Appetizer', 133.08),
(156, 'Local', 27, 'Drink', 75.61),
(157, 'Suddenly', 28, 'Main Course', 124.32),
(158, 'Which', 28, 'Dessert', 36.22),
(159, 'All', 28, 'Drink', 78.81),
(160, 'Conference', 28, 'Main Course', 51.62),
(161, 'Reason', 29, 'Dessert', 115.55),
(162, 'Purpose', 29, 'Dessert', 169.49),
(163, 'Per', 29, 'Drink', 184.53),
(164, 'Above', 29, 'Dessert', 194.13),
(165, 'Statement', 29, 'Dessert', 154.38),
(166, 'Term', 29, 'Drink', 164.76),
(167, 'Standard', 30, 'Main Course', 45.34),
(168, 'Edge', 30, 'Drink', 174.83),
(169, 'Operation', 30, 'Dessert', 194.11),
(170, 'Music', 30, 'Drink', 36.25),
(171, 'Or', 31, 'Appetizer', 67.6),
(172, 'Push', 31, 'Dessert', 101.86),
(173, 'Quite', 31, 'Dessert', 125.22),
(174, 'Behavior', 31, 'Main Course', 39.5),
(175, 'Lead', 32, 'Dessert', 24.5),
(176, 'Specific', 32, 'Main Course', 184.75),
(177, 'Brother', 32, 'Drink', 136.58),
(178, 'Meeting', 32, 'Dessert', 183.69),
(179, 'Generation', 32, 'Appetizer', 136.86),
(180, 'Population', 32, 'Appetizer', 45.16),
(181, 'Here', 32, 'Drink', 74.79),
(182, 'Despite', 33, 'Main Course', 37.49),
(183, 'She', 33, 'Dessert', 89.96),
(184, 'Enjoy', 33, 'Drink', 140.69),
(185, 'Maybe', 33, 'Main Course', 125.72),
(186, 'Enjoy', 34, 'Drink', 137.89),
(187, 'Away', 34, 'Dessert', 130.82),
(188, 'Own', 34, 'Dessert', 25.89),
(189, 'Cause', 34, 'Drink', 59.11),
(190, 'Others', 34, 'Dessert', 191.1),
(191, 'Law', 34, 'Dessert', 37.88),
(192, 'Give', 34, 'Dessert', 118.0),
(193, 'First', 35, 'Main Course', 91.67),
(194, 'Seem', 35, 'Drink', 194.28),
(195, 'Collection', 35, 'Main Course', 36.5),
(196, 'Support', 35, 'Appetizer', 135.51),
(197, 'Church', 36, 'Main Course', 161.62),
(198, 'Area', 36, 'Main Course', 197.99),
(199, 'President', 36, 'Main Course', 32.35),
(200, 'Small', 36, 'Main Course', 125.55),
(201, 'Pattern', 37, 'Appetizer', 159.39),
(202, 'Available', 37, 'Main Course', 69.91),
(203, 'East', 37, 'Dessert', 197.75),
(204, 'Two', 37, 'Appetizer', 163.73),
(205, 'Group', 37, 'Appetizer', 138.99),
(206, 'Home', 37, 'Dessert', 43.72),
(207, 'Argue', 38, 'Appetizer', 125.99),
(208, 'Speak', 38, 'Appetizer', 51.36),
(209, 'Whole', 38, 'Drink', 42.82),
(210, 'Section', 38, 'Appetizer', 114.7),
(211, 'Those', 38, 'Dessert', 105.72),
(212, 'Whose', 39, 'Main Course', 101.36),
(213, 'Style', 39, 'Appetizer', 190.17),
(214, 'Appear', 39, 'Dessert', 150.9),
(215, 'Staff', 39, 'Appetizer', 102.45),
(216, 'People', 40, 'Drink', 199.75),
(217, 'Letter', 40, 'Appetizer', 96.73),
(218, 'Maybe', 40, 'Drink', 108.25),
(219, 'How', 40, 'Appetizer', 33.23),
(220, 'Kind', 41, 'Appetizer', 129.49),
(221, 'Big', 41, 'Dessert', 42.71),
(222, 'Reveal', 41, 'Dessert', 88.56),
(223, 'Drop', 41, 'Drink', 101.67),
(224, 'And', 41, 'Appetizer', 37.85),
(225, 'Question', 41, 'Main Course', 173.5),
(226, 'Week', 42, 'Main Course', 101.28),
(227, 'Bed', 42, 'Drink', 94.49),
(228, 'Bank', 42, 'Appetizer', 91.77),
(229, 'Cultural', 42, 'Dessert', 76.26),
(230, 'More', 42, 'Dessert', 139.72),
(231, 'Usually', 42, 'Drink', 191.65),
(232, 'Door', 42, 'Appetizer', 32.08),
(233, 'Science', 43, 'Dessert', 97.74),
(234, 'Develop', 43, 'Appetizer', 166.12),
(235, 'Position', 43, 'Dessert', 125.56),
(236, 'Work', 43, 'Drink', 140.6),
(237, 'Wish', 44, 'Drink', 177.25),
(238, 'Soon', 44, 'Appetizer', 176.26),
(239, 'Continue', 44, 'Dessert', 194.31),
(240, 'Also', 44, 'Main Course', 83.3),
(241, 'Require', 44, 'Drink', 47.85),
(242, 'Skill', 44, 'Appetizer', 60.36),
(243, 'Radio', 45, 'Dessert', 172.17),
(244, 'Act', 45, 'Dessert', 40.68),
(245, 'After', 45, 'Drink', 123.34),
(246, 'Everyone', 45, 'Appetizer', 172.13),
(247, 'However', 45, 'Dessert', 129.62),
(248, 'Low', 45, 'Dessert', 25.21),
(249, 'Professor', 46, 'Dessert', 185.88),
(250, 'Rock', 46, 'Main Course', 21.1),
(251, 'Statement', 46, 'Drink', 121.94),
(252, 'Perhaps', 46, 'Appetizer', 32.53),
(253, 'Situation', 46, 'Main Course', 36.52),
(254, 'Realize', 46, 'Drink', 87.71),
(255, 'Cut', 47, 'Dessert', 48.33),
(256, 'Agency', 47, 'Appetizer', 149.89),
(257, 'Practice', 47, 'Main Course', 179.0),
(258, 'Tonight', 47, 'Appetizer', 48.33),
(259, 'Pull', 47, 'Dessert', 141.31),
(260, 'Movie', 47, 'Drink', 99.76),
(261, 'Scene', 48, 'Drink', 129.27),
(262, 'Today', 48, 'Appetizer', 69.17),
(263, 'Certainly', 48, 'Appetizer', 82.13),
(264, 'Win', 48, 'Drink', 70.98),
(265, 'Structure', 48, 'Dessert', 114.85),
(266, 'Really', 48, 'Drink', 28.18),
(267, 'To', 48, 'Appetizer', 197.2),
(268, 'Discussion', 49, 'Main Course', 56.8),
(269, 'Street', 49, 'Dessert', 158.12),
(270, 'Spring', 49, 'Appetizer', 72.1),
(271, 'Choice', 49, 'Drink', 21.39),
(272, 'On', 50, 'Main Course', 43.25),
(273, 'Decade', 50, 'Dessert', 110.05),
(274, 'Inside', 50, 'Appetizer', 32.97),
(275, 'Her', 50, 'Drink', 98.52),
(276, 'Soon', 50, 'Dessert', 185.81),
(277, 'Laugh', 51, 'Drink', 123.21),
(278, 'Process', 51, 'Drink', 72.11),
(279, 'Story', 51, 'Dessert', 23.75),
(280, 'Way', 51, 'Drink', 50.94),
(281, 'Ask', 51, 'Dessert', 169.76),
(282, 'Pick', 51, 'Appetizer', 35.86),
(283, 'Event', 51, 'Drink', 63.8),
(284, 'My', 52, 'Dessert', 91.24),
(285, 'Surface', 52, 'Main Course', 154.24),
(286, 'Board', 52, 'Main Course', 79.95),
(287, 'Team', 52, 'Appetizer', 33.75),
(288, 'Condition', 53, 'Dessert', 183.07),
(289, 'Street', 53, 'Main Course', 83.2),
(290, 'Part', 53, 'Main Course', 62.53),
(291, 'Either', 53, 'Main Course', 66.07),
(292, 'Artist', 53, 'Appetizer', 128.43),
(293, 'Safe', 54, 'Drink', 191.23),
(294, 'Even', 54, 'Drink', 103.51),
(295, 'Fly', 54, 'Dessert', 142.6),
(296, 'Arm', 54, 'Dessert', 175.56),
(297, 'North', 54, 'Appetizer', 47.17),
(298, 'Many', 55, 'Dessert', 99.6),
(299, 'Quality', 55, 'Appetizer', 163.34),
(300, 'Choose', 55, 'Appetizer', 83.35),
(301, 'Maybe', 55, 'Drink', 75.87),
(302, 'Democrat', 55, 'Dessert', 26.77),
(303, 'Bank', 55, 'Appetizer', 169.71),
(304, 'Week', 55, 'Appetizer', 136.04),
(305, 'Owner', 56, 'Appetizer', 103.29),
(306, 'Move', 56, 'Main Course', 100.95),
(307, 'Skill', 56, 'Drink', 77.87),
(308, 'Stay', 56, 'Appetizer', 110.25),
(309, 'News', 56, 'Dessert', 101.09),
(310, 'Account', 56, 'Appetizer', 196.83),
(311, 'Benefit', 56, 'Main Course', 110.82),
(312, 'Beautiful', 57, 'Drink', 64.59),
(313, 'Blue', 57, 'Main Course', 198.38),
(314, 'Young', 57, 'Dessert', 85.5),
(315, 'Customer', 57, 'Dessert', 89.73),
(316, 'History', 58, 'Dessert', 162.06),
(317, 'Deal', 58, 'Appetizer', 31.86),
(318, 'Stuff', 58, 'Drink', 120.43),
(319, 'Future', 58, 'Main Course', 71.15),
(320, 'Garden', 59, 'Main Course', 34.67),
(321, 'Part', 59, 'Dessert', 185.01),
(322, 'Step', 59, 'Drink', 194.19),
(323, 'Future', 59, 'Appetizer', 43.21),
(324, 'Baby', 59, 'Drink', 75.72),
(325, 'Response', 59, 'Dessert', 135.83),
(326, 'Voice', 60, 'Appetizer', 140.62),
(327, 'Officer', 60, 'Drink', 136.28),
(328, 'Wonder', 60, 'Appetizer', 111.53),
(329, 'Example', 60, 'Main Course', 85.27),
(330, 'Evening', 60, 'Dessert', 191.21),
(331, 'Put', 61, 'Main Course', 54.56),
(332, 'Executive', 61, 'Dessert', 47.89),
(333, 'Check', 61, 'Appetizer', 172.0),
(334, 'Agreement', 61, 'Appetizer', 111.38),
(335, 'Smile', 61, 'Main Course', 139.15),
(336, 'Scene', 61, 'Main Course', 127.5),
(337, 'Those', 61, 'Main Course', 49.2),
(338, 'Strong', 62, 'Dessert', 27.86),
(339, 'Arm', 62, 'Main Course', 141.75),
(340, 'Who', 62, 'Dessert', 194.53),
(341, 'Explain', 62, 'Drink', 155.43),
(342, 'Ever', 62, 'Main Course', 62.12),
(343, 'Might', 62, 'Drink', 75.7),
(344, 'Party', 62, 'Main Course', 182.72),
(345, 'Item', 63, 'Drink', 142.1),
(346, 'Group', 63, 'Dessert', 103.1),
(347, 'Relationship', 63, 'Drink', 160.06),
(348, 'Prove', 63, 'Main Course', 193.93),
(349, 'Population', 63, 'Main Course', 164.23),
(350, 'Among', 63, 'Appetizer', 177.14),
(351, 'Hundred', 64, 'Appetizer', 177.34),
(352, 'Itself', 64, 'Appetizer', 148.05),
(353, 'Main', 64, 'Main Course', 71.31),
(354, 'Treatment', 64, 'Main Course', 69.1),
(355, 'Contain', 64, 'Appetizer', 169.59),
(356, 'Challenge', 64, 'Main Course', 190.35),
(357, 'Evidence', 64, 'Dessert', 167.01),
(358, 'Line', 65, 'Drink', 94.68),
(359, 'Around', 65, 'Main Course', 110.36),
(360, 'May', 65, 'Appetizer', 89.51),
(361, 'Building', 65, 'Appetizer', 87.48),
(362, 'Interest', 66, 'Dessert', 187.55),
(363, 'Act', 66, 'Main Course', 162.45),
(364, 'Appear', 66, 'Drink', 26.89),
(365, 'Reality', 66, 'Main Course', 145.29),
(366, 'Pretty', 66, 'Drink', 156.59),
(367, 'View', 66, 'Appetizer', 100.75),
(368, 'Morning', 67, 'Main Course', 23.42),
(369, 'Decision', 67, 'Drink', 170.29),
(370, 'Meet', 67, 'Dessert', 40.01),
(371, 'Live', 67, 'Appetizer', 62.78),
(372, 'Mean', 68, 'Drink', 62.92),
(373, 'Million', 68, 'Drink', 31.31),
(374, 'To', 68, 'Appetizer', 127.41),
(375, 'News', 68, 'Main Course', 133.75),
(376, 'Benefit', 69, 'Appetizer', 72.43),
(377, 'Use', 69, 'Main Course', 130.67),
(378, 'Bed', 69, 'Main Course', 122.72),
(379, 'From', 69, 'Appetizer', 139.59),
(380, 'Everyone', 69, 'Dessert', 114.23),
(381, 'Indeed', 70, 'Appetizer', 191.61),
(382, 'See', 70, 'Drink', 90.28),
(383, 'National', 70, 'Drink', 27.84),
(384, 'Law', 70, 'Dessert', 196.59),
(385, 'Week', 71, 'Appetizer', 84.28),
(386, 'War', 71, 'Appetizer', 82.06),
(387, 'Evening', 71, 'Dessert', 158.87),
(388, 'Lead', 71, 'Dessert', 44.01),
(389, 'Eat', 72, 'Main Course', 166.43),
(390, 'Team', 72, 'Drink', 169.47),
(391, 'Dog', 72, 'Drink', 196.55),
(392, 'Young', 72, 'Main Course', 133.71),
(393, 'Audience', 72, 'Drink', 31.36),
(394, 'Present', 72, 'Main Course', 26.66),
(395, 'Structure', 73, 'Appetizer', 162.4),
(396, 'Later', 73, 'Dessert', 76.81),
(397, 'Reveal', 73, 'Drink', 112.77),
(398, 'Should', 73, 'Main Course', 65.6),
(399, 'Sit', 74, 'Appetizer', 84.26),
(400, 'Inside', 74, 'Dessert', 175.84),
(401, 'Degree', 74, 'Dessert', 69.18),
(402, 'Drop', 74, 'Drink', 98.65),
(403, 'Determine', 74, 'Drink', 153.8),
(404, 'Now', 74, 'Main Course', 81.03),
(405, 'Industry', 75, 'Dessert', 144.57),
(406, 'Seem', 75, 'Dessert', 186.38),
(407, 'Bad', 75, 'Drink', 164.21),
(408, 'Stay', 75, 'Main Course', 34.21),
(409, 'Speak', 75, 'Dessert', 118.19),
(410, 'Admit', 75, 'Dessert', 38.47),
(411, 'Cause', 75, 'Dessert', 138.97),
(412, 'Trial', 76, 'Drink', 128.47),
(413, 'Produce', 76, 'Drink', 50.0),
(414, 'Call', 76, 'Appetizer', 83.28),
(415, 'Seem', 76, 'Dessert', 150.83),
(416, 'Kitchen', 76, 'Drink', 130.67),
(417, 'Day', 76, 'Appetizer', 69.42),
(418, 'Glass', 76, 'Drink', 33.51),
(419, 'Ready', 77, 'Main Course', 112.36),
(420, 'Determine', 77, 'Main Course', 191.5),
(421, 'Paper', 77, 'Drink', 172.76),
(422, 'Generation', 77, 'Appetizer', 26.26),
(423, 'Campaign', 77, 'Dessert', 62.48),
(424, 'Join', 77, 'Appetizer', 85.19),
(425, 'Local', 78, 'Dessert', 142.23),
(426, 'Its', 78, 'Appetizer', 86.96),
(427, 'Agreement', 78, 'Dessert', 123.31),
(428, 'Box', 78, 'Dessert', 91.65),
(429, 'Different', 78, 'Appetizer', 64.93),
(430, 'Strong', 79, 'Drink', 152.42),
(431, 'There', 79, 'Appetizer', 113.19),
(432, 'Employee', 79, 'Dessert', 67.12),
(433, 'Player', 79, 'Main Course', 146.73),
(434, 'Up', 80, 'Drink', 144.92),
(435, 'Head', 80, 'Main Course', 56.03),
(436, 'Usually', 80, 'Drink', 173.51),
(437, 'Identify', 80, 'Drink', 51.08),
(438, 'And', 80, 'Dessert', 199.51),
(439, 'Care', 80, 'Appetizer', 140.21),
(440, 'Now', 81, 'Main Course', 180.44),
(441, 'Debate', 81, 'Main Course', 148.13),
(442, 'Woman', 81, 'Main Course', 162.87),
(443, 'Clearly', 81, 'Main Course', 41.85),
(444, 'Read', 81, 'Main Course', 162.57),
(445, 'Always', 81, 'Appetizer', 162.27),
(446, 'Single', 82, 'Dessert', 119.72),
(447, 'Firm', 82, 'Main Course', 104.13),
(448, 'Sure', 82, 'Appetizer', 130.15),
(449, 'Left', 82, 'Drink', 31.83),
(450, 'Hundred', 82, 'Drink', 199.93),
(451, 'Interesting', 82, 'Drink', 114.63),
(452, 'Dark', 83, 'Dessert', 42.56),
(453, 'Yard', 83, 'Drink', 135.62),
(454, 'Throughout', 83, 'Dessert', 103.85),
(455, 'Through', 83, 'Main Course', 43.1),
(456, 'Everything', 84, 'Appetizer', 97.87),
(457, 'Table', 84, 'Main Course', 169.65),
(458, 'Husband', 84, 'Main Course', 74.74),
(459, 'Budget', 84, 'Main Course', 78.08),
(460, 'Into', 84, 'Dessert', 82.28),
(461, 'Make', 85, 'Dessert', 65.11),
(462, 'Just', 85, 'Dessert', 42.53),
(463, 'Act', 85, 'Appetizer', 130.6),
(464, 'Career', 85, 'Main Course', 110.46),
(465, 'Politics', 86, 'Dessert', 50.82),
(466, 'Coach', 86, 'Appetizer', 171.66),
(467, 'Great', 86, 'Appetizer', 168.54),
(468, 'Best', 86, 'Dessert', 34.62),
(469, 'Mention', 86, 'Drink', 137.2),
(470, 'No', 87, 'Dessert', 109.65),
(471, 'Much', 87, 'Dessert', 135.54),
(472, 'Drug', 87, 'Drink', 106.93),
(473, 'Call', 87, 'Appetizer', 73.54),
(474, 'Enjoy', 88, 'Drink', 48.45),
(475, 'Style', 88, 'Main Course', 107.17),
(476, 'Audience', 88, 'Main Course', 81.23),
(477, 'Will', 88, 'Dessert', 76.26),
(478, 'Hear', 89, 'Main Course', 195.57),
(479, 'According', 89, 'Appetizer', 156.92),
(480, 'Pretty', 89, 'Drink', 77.44),
(481, 'Buy', 89, 'Drink', 42.05),
(482, 'We', 89, 'Appetizer', 64.63),
(483, 'Expert', 89, 'Drink', 29.11),
(484, 'Total', 90, 'Main Course', 64.69),
(485, 'Movement', 90, 'Dessert', 166.43),
(486, 'Each', 90, 'Main Course', 54.17),
(487, 'Consumer', 90, 'Drink', 109.69),
(488, 'Understand', 90, 'Dessert', 109.78),
(489, 'Successful', 90, 'Appetizer', 109.53),
(490, 'Newspaper', 90, 'Drink', 190.14),
(491, 'Garden', 91, 'Dessert', 58.73),
(492, 'Huge', 91, 'Dessert', 28.76),
(493, 'Task', 91, 'Drink', 109.08),
(494, 'Stop', 91, 'Appetizer', 71.43),
(495, 'Red', 91, 'Drink', 172.49),
(496, 'Across', 92, 'Dessert', 178.84),
(497, 'Try', 92, 'Dessert', 157.49),
(498, 'Cell', 92, 'Appetizer', 28.14),
(499, 'To', 92, 'Main Course', 122.65),
(500, 'Size', 92, 'Dessert', 85.25),
(501, 'Put', 93, 'Drink', 89.54),
(502, 'Inside', 93, 'Dessert', 157.59),
(503, 'Rest', 93, 'Appetizer', 168.56),
(504, 'Compare', 93, 'Appetizer', 43.16),
(505, 'Probably', 94, 'Dessert', 87.18),
(506, 'Indeed', 94, 'Dessert', 120.41),
(507, 'Bar', 94, 'Main Course', 155.89),
(508, 'Far', 94, 'Drink', 128.44),
(509, 'Space', 94, 'Appetizer', 110.01),
(510, 'Education', 94, 'Dessert', 27.0),
(511, 'Others', 94, 'Drink', 164.71),
(512, 'Simply', 95, 'Main Course', 129.13),
(513, 'Film', 95, 'Dessert', 79.03),
(514, 'Now', 95, 'Dessert', 49.25),
(515, 'Put', 95, 'Drink', 126.87),
(516, 'People', 95, 'Dessert', 147.57),
(517, 'Senior', 96, 'Dessert', 166.83),
(518, 'Try', 96, 'Appetizer', 79.62),
(519, 'Reveal', 96, 'Dessert', 196.38),
(520, 'Something', 96, 'Appetizer', 163.42),
(521, 'Game', 96, 'Dessert', 127.44),
(522, 'Ability', 96, 'Main Course', 194.07),
(523, 'Indeed', 96, 'Drink', 149.85),
(524, 'Rather', 97, 'Drink', 114.36),
(525, 'Measure', 97, 'Main Course', 46.6),
(526, 'Professional', 97, 'Appetizer', 25.68),
(527, 'Former', 97, 'Drink', 54.34),
(528, 'His', 97, 'Main Course', 76.46),
(529, 'Keep', 98, 'Drink', 144.29),
(530, 'Bed', 98, 'Drink', 110.33),
(531, 'Subject', 98, 'Appetizer', 177.11),
(532, 'Tough', 98, 'Main Course', 147.04),
(533, 'Policy', 98, 'Drink', 120.96),
(534, 'Wide', 98, 'Dessert', 114.59),
(535, 'Store', 98, 'Drink', 192.2),
(536, 'Issue', 99, 'Dessert', 118.33),
(537, 'Unit', 99, 'Main Course', 129.81),
(538, 'Year', 99, 'Dessert', 192.32),
(539, 'Raise', 99, 'Main Course', 120.46),
(540, 'Current', 99, 'Dessert', 189.47),
(541, 'Newspaper', 99, 'Main Course', 158.81),
(542, 'Because', 100, 'Dessert', 77.07),
(543, 'Road', 100, 'Dessert', 120.89),
(544, 'Cut', 100, 'Drink', 71.8),
(545, 'Including', 100, 'Drink', 181.24),
(546, 'Skin', 100, 'Main Course', 167.31),
(547, 'Music', 100, 'Dessert', 72.28),
(548, 'Modern', 100, 'Appetizer', 191.96);

-- Reviews
INSERT INTO Review (rating_id, restaurant_id, user_id, rating, feedback, review_time) VALUES
(1, 45, 29, 3.6, 'Four nice law owner someone.', '2024-08-06 14:49:19'),
(2, 96, 31, 1.9, 'Month must area choice word nothing.', '2025-05-05 04:54:32'),
(3, 69, 18, 4.7, 'Season your but manage.', '2024-11-21 07:12:17'),
(4, 90, 18, 1.5, 'Either may product challenge order describe cause.', '2024-08-11 01:23:27'),
(5, 79, 48, 3.3, 'Opportunity establish sell.', '2024-09-25 16:32:41'),
(6, 32, 4, 3.7, 'Put notice boy science chance share feeling.', '2024-07-28 21:33:49'),
(7, 68, 15, 3.6, 'Product think officer successful exactly.', '2025-04-14 12:36:44'),
(8, 7, 7, 2.7, 'A science try leader work car citizen.', '2025-04-19 10:01:52'),
(9, 92, 31, 1.4, 'Sport such look item state figure.', '2025-03-13 17:11:40'),
(10, 99, 9, 1.0, 'Type writer night watch do.', '2024-05-31 10:40:24'),
(11, 71, 11, 2.6, 'Store check group hotel.', '2024-07-16 14:33:16'),
(12, 61, 31, 3.6, 'Step face bar large glass.', '2024-10-21 16:12:32'),
(13, 97, 19, 2.3, 'Mrs member PM she skill.', '2024-12-20 09:58:39'),
(14, 83, 4, 4.6, 'Dinner school together also trade where.', '2024-05-18 03:46:39'),
(15, 12, 42, 3.3, 'Activity main task Republican answer.', '2024-08-28 22:05:05'),
(16, 69, 48, 3.9, 'Machine do I mean hour.', '2025-04-17 10:20:57'),
(17, 5, 12, 2.7, 'Republican act check become assume.', '2024-12-13 15:58:46'),
(18, 23, 3, 5.0, 'Score plant relate hold.', '2024-06-29 11:20:18'),
(19, 51, 32, 1.7, 'Remain take just power.', '2024-11-08 17:25:33'),
(20, 96, 19, 4.5, 'Join beyond event understand hospital face.', '2024-07-21 17:58:05'),
(21, 2, 20, 3.3, 'Mind travel lot cultural.', '2024-06-03 05:38:55'),
(22, 14, 22, 2.1, 'Three agency page help away resource.', '2024-12-08 17:43:15'),
(23, 83, 35, 3.1, 'Although expect market together there.', '2025-03-28 04:38:59'),
(24, 18, 33, 2.9, 'Work pretty recently which land know avoid a.', '2024-06-04 01:46:03'),
(25, 25, 8, 2.3, 'Soldier course policy to protect glass.', '2024-09-25 16:45:11'),
(26, 94, 30, 3.6, 'Second debate president see left important.', '2025-03-07 11:35:59'),
(27, 92, 12, 1.1, 'Social rule list mention move attorney.', '2024-08-24 07:49:44'),
(28, 44, 19, 3.3, 'Pressure the reduce my have.', '2024-11-09 11:03:35'),
(29, 97, 13, 1.7, 'Huge moment mean occur herself day.', '2024-05-07 23:51:34'),
(30, 82, 26, 4.3, 'Whose practice senior current.', '2025-01-08 16:05:29'),
(31, 66, 21, 1.3, 'Professional certain have including into stop responsibility.', '2024-11-19 22:16:35'),
(32, 86, 7, 1.7, 'Live order recent animal expect.', '2025-03-03 22:47:40'),
(33, 18, 31, 2.3, 'Opportunity choose collection magazine exactly dream.', '2025-02-02 22:07:05'),
(34, 32, 1, 2.0, 'Process situation culture goal agreement.', '2025-02-14 03:14:41'),
(35, 31, 29, 4.0, 'Teacher figure again cover place we.', '2024-11-09 22:54:06'),
(36, 43, 20, 3.3, 'Rise trip opportunity enough company.', '2024-11-17 20:31:42'),
(37, 74, 1, 2.0, 'Management example drive if race player hot later.', '2024-06-24 08:03:15'),
(38, 47, 45, 1.9, 'Dog artist image.', '2025-03-27 06:06:38'),
(39, 86, 8, 2.9, 'Region water avoid record lot identify challenge want.', '2024-06-13 08:40:15'),
(40, 21, 26, 3.7, 'Marriage moment throw continue natural but scientist.', '2025-01-07 15:29:52'),
(41, 91, 50, 2.2, 'Participant garden green bit.', '2025-03-07 12:03:43'),
(42, 16, 41, 4.7, 'Tax school relationship white national lead.', '2024-07-28 01:10:56'),
(43, 38, 24, 3.5, 'Condition discuss plant raise.', '2025-04-25 01:05:53'),
(44, 29, 9, 2.9, 'Serve reduce during size own.', '2025-04-22 18:37:32'),
(45, 59, 48, 5.0, 'Win we list rise.', '2024-12-20 07:50:57'),
(46, 48, 27, 3.8, 'Fight direction human note step.', '2024-12-04 20:28:10'),
(47, 61, 49, 3.2, 'Size bring by world civil.', '2024-08-19 03:08:59'),
(48, 86, 14, 4.0, 'Adult issue mean player environmental early.', '2024-08-13 15:58:55'),
(49, 88, 49, 3.4, 'Difference woman when defense sister drive.', '2025-03-20 10:23:06'),
(50, 11, 34, 2.8, 'Interesting establish represent individual south.', '2024-05-25 21:41:52'),
(51, 91, 24, 1.3, 'Yet wife Republican quality agency process.', '2024-05-19 03:03:01'),
(52, 73, 8, 1.2, 'Lose company simple owner if.', '2024-07-28 18:50:37'),
(53, 71, 33, 1.8, 'Build short get soldier beat.', '2024-05-10 09:06:43'),
(54, 69, 10, 1.7, 'View structure best election lead.', '2024-05-28 00:43:16'),
(55, 67, 29, 1.5, 'Something represent trial deep.', '2024-11-11 04:32:52'),
(56, 27, 46, 3.3, 'Hospital out rather change.', '2025-01-15 04:18:27'),
(57, 12, 33, 2.8, 'Something simply expect under field college.', '2024-11-06 18:58:17'),
(58, 8, 30, 1.5, 'Learn every late rise view.', '2025-02-09 22:35:35'),
(59, 54, 30, 3.3, 'Almost serve whose most low per.', '2024-10-03 22:09:08'),
(60, 72, 30, 3.7, 'Professor often to meeting accept change.', '2025-03-31 14:16:42'),
(61, 40, 47, 1.1, 'Imagine peace exactly or race writer degree.', '2025-02-23 14:37:42'),
(62, 33, 1, 4.0, 'Memory term plan score.', '2024-07-01 13:07:08'),
(63, 75, 5, 1.2, 'Night attention policy receive network employee much particular.', '2024-09-02 02:04:44'),
(64, 45, 45, 1.3, 'Direction glass majority everybody court allow hot number.', '2025-02-18 13:31:00'),
(65, 8, 5, 4.9, 'Raise pick personal read effect song.', '2024-09-11 07:33:29'),
(66, 61, 3, 2.1, 'Charge contain cause television human far.', '2024-07-27 06:18:19'),
(67, 24, 50, 1.5, 'Energy table argue interview society language safe.', '2024-06-21 02:36:06'),
(68, 83, 47, 3.6, 'Attention item edge response work.', '2024-05-18 23:40:59'),
(69, 54, 24, 5.0, 'Arrive into include management rock air.', '2024-07-30 20:26:23'),
(70, 49, 29, 4.5, 'Must southern family bring.', '2024-12-04 04:45:05'),
(71, 49, 25, 1.3, 'Decade fact successful visit color.', '2024-07-07 00:20:30'),
(72, 85, 35, 1.5, 'Citizen never white take one.', '2025-01-30 16:25:01'),
(73, 45, 8, 1.7, 'Security listen seem claim decade professor.', '2024-11-15 18:39:33'),
(74, 69, 26, 3.1, 'Actually decide employee.', '2024-10-18 04:29:25'),
(75, 94, 15, 4.3, 'Own want item couple computer.', '2024-08-08 22:07:40'),
(76, 97, 2, 4.9, 'Forget herself theory low of national many.', '2024-05-18 11:25:16'),
(77, 60, 44, 3.9, 'Finally door positive prepare activity term.', '2025-04-06 08:29:16'),
(78, 55, 35, 2.5, 'Involve take ten Democrat student even.', '2025-01-16 10:57:09'),
(79, 30, 16, 2.8, 'Study crime high specific.', '2024-08-26 09:51:08'),
(80, 20, 18, 1.8, 'Agency road someone question administration no beyond not.', '2025-04-25 12:19:22'),
(81, 93, 49, 1.5, 'Begin section subject second myself.', '2024-10-10 18:56:17'),
(82, 85, 27, 3.5, 'Check wait best grow recognize important such only.', '2024-11-12 08:03:09'),
(83, 3, 16, 1.8, 'Pretty learn eye better.', '2024-12-02 23:56:13'),
(84, 13, 39, 1.1, 'Late main should single manager herself.', '2024-05-15 00:00:57'),
(85, 77, 44, 3.8, 'Boy control candidate occur.', '2025-03-19 22:48:16'),
(86, 7, 16, 4.0, 'A ever me smile group card.', '2024-12-31 02:27:28'),
(87, 52, 29, 1.9, 'Travel decide people boy leg.', '2024-11-29 19:39:13'),
(88, 28, 49, 4.5, 'Training quickly particular less science mouth protect success.', '2024-12-19 14:05:41'),
(89, 8, 9, 3.0, 'Occur bank audience charge moment risk carry.', '2024-07-21 21:27:51'),
(90, 38, 15, 4.3, 'Right data recognize administration then street.', '2024-07-17 01:22:19'),
(91, 94, 37, 2.3, 'Can race four computer former political.', '2025-01-01 22:32:36'),
(92, 77, 50, 3.7, 'Civil suffer meeting produce tonight it street.', '2024-10-02 22:45:04'),
(93, 42, 16, 2.2, 'Story degree draw wife choose.', '2024-10-10 04:50:54'),
(94, 19, 43, 3.1, 'Piece risk car health young very.', '2025-02-04 19:58:39'),
(95, 53, 20, 2.1, 'Activity image key recent open again.', '2024-09-30 21:23:35'),
(96, 72, 38, 4.5, 'Sport administration stand money environment.', '2024-07-06 17:13:46'),
(97, 23, 41, 3.7, 'Drug American throw Congress meet.', '2024-11-08 16:24:55'),
(98, 72, 32, 1.2, 'Several send manage vote.', '2025-01-24 08:54:08'),
(99, 45, 42, 3.7, 'Wish course available.', '2024-11-09 11:24:33'),
(100, 68, 21, 3.8, 'Key as against.', '2024-11-24 11:37:08'),
(101, 53, 10, 2.2, 'Leave until very area those picture.', '2024-09-22 04:36:35'),
(102, 24, 49, 3.2, 'Hold positive machine recent pay.', '2024-10-02 20:16:49'),
(103, 31, 15, 2.2, 'Blood size might.', '2024-05-24 03:48:01'),
(104, 91, 10, 4.2, 'Herself figure spend foot then big investment appear.', '2025-04-22 15:34:42'),
(105, 8, 36, 2.7, 'Front school never vote.', '2024-12-05 17:18:18'),
(106, 54, 36, 3.1, 'Single enjoy character week yourself deep character.', '2024-06-05 08:56:32'),
(107, 50, 16, 2.0, 'Television recently however hospital officer employee.', '2025-01-11 05:50:42'),
(108, 43, 42, 1.3, 'National environment else.', '2025-03-12 21:42:18'),
(109, 58, 24, 1.4, 'Lot involve audience beat morning read policy.', '2024-07-27 12:05:08'),
(110, 93, 13, 1.2, 'Discuss none window next onto program wife respond.', '2025-02-27 11:15:53'),
(111, 49, 44, 3.4, 'Party source range itself whole operation name.', '2025-01-20 09:15:50'),
(112, 6, 5, 1.8, 'Common than ask answer loss million behavior financial.', '2024-09-20 12:40:21'),
(113, 98, 38, 3.9, 'Environmental mouth party tell hard fish anything.', '2025-03-27 16:28:09'),
(114, 72, 14, 2.9, 'Life hard away expect employee country.', '2024-09-07 20:33:39'),
(115, 43, 20, 4.8, 'Although employee seat maybe that exist.', '2025-02-17 11:53:18'),
(116, 2, 14, 4.7, 'Policy boy job you industry on place hair.', '2025-04-25 06:00:08'),
(117, 95, 8, 4.0, 'Middle month enjoy.', '2024-06-18 12:18:16'),
(118, 97, 31, 4.7, 'Prevent my society size reduce.', '2024-09-19 00:25:46'),
(119, 90, 39, 3.8, 'Magazine source try law goal return.', '2024-05-15 17:46:47'),
(120, 51, 16, 3.2, 'Hold draw control yourself wrong edge.', '2024-06-17 04:22:54'),
(121, 100, 19, 2.5, 'Why stage popular however among leave imagine.', '2024-07-21 02:40:01'),
(122, 69, 42, 2.4, 'Plant medical pick next international class sell.', '2024-11-23 04:18:13'),
(123, 34, 24, 3.1, 'Study check less.', '2024-06-05 01:07:21'),
(124, 64, 30, 1.4, 'Serve along couple.', '2024-11-01 21:10:23'),
(125, 93, 31, 4.0, 'Citizen smile first his.', '2025-02-24 12:02:49'),
(126, 41, 14, 2.5, 'Into practice when close thing rise to.', '2025-01-23 06:43:28'),
(127, 53, 3, 3.3, 'Step material democratic boy who whom.', '2024-08-29 00:07:15'),
(128, 29, 48, 1.6, 'Hope month guess reach give perform as.', '2024-08-27 20:11:27'),
(129, 34, 36, 4.7, 'Land they she spend.', '2024-10-20 14:29:07'),
(130, 75, 47, 2.7, 'Cover recent various city list executive certainly.', '2024-07-21 11:33:14'),
(131, 20, 13, 2.3, 'Economic value authority various own believe tend.', '2024-11-25 00:43:25'),
(132, 49, 37, 4.3, 'Nearly night vote important view show probably.', '2024-06-22 02:39:17'),
(133, 64, 36, 3.6, 'Amount mean politics hotel challenge government buy.', '2024-07-21 23:23:15'),
(134, 88, 22, 2.0, 'Example lead office style technology environmental magazine.', '2025-01-24 02:03:39'),
(135, 63, 47, 3.6, 'Deal throughout foreign old which.', '2025-03-17 04:44:33'),
(136, 63, 30, 1.7, 'Box religious born fall situation.', '2025-02-28 22:29:34'),
(137, 46, 11, 1.6, 'Trial assume business society measure check right option.', '2024-07-29 18:07:32'),
(138, 70, 32, 1.7, 'Take marriage trade event for.', '2025-03-14 20:14:55'),
(139, 70, 42, 4.8, 'Entire on involve.', '2025-03-13 11:13:37'),
(140, 68, 3, 4.4, 'Month see now method bill.', '2024-09-16 20:59:58'),
(141, 10, 43, 1.2, 'Laugh leg live growth movie.', '2025-01-25 12:07:38'),
(142, 1, 27, 1.5, 'To room him democratic.', '2025-04-14 09:00:21'),
(143, 81, 15, 1.3, 'Develop necessary provide century season provide project.', '2024-08-13 22:24:41'),
(144, 20, 1, 1.9, 'Treat always thing store.', '2024-12-09 16:20:32'),
(145, 59, 24, 1.2, 'A town try truth particular make wide.', '2024-11-30 12:02:23'),
(146, 82, 43, 4.7, 'Weight sometimes performance after matter about.', '2024-09-22 00:51:29'),
(147, 62, 43, 3.0, 'Another need break remain live campaign garden minute.', '2024-08-25 00:31:09'),
(148, 1, 35, 3.2, 'Their safe over.', '2024-11-15 23:33:43'),
(149, 2, 2, 3.1, 'Data middle either others.', '2024-09-19 21:51:57'),
(150, 36, 35, 4.9, 'Conference prepare star cold.', '2024-07-07 07:32:32');

-- Feedback Labels
INSERT INTO Feedback_label (feedback_label_id, label, rating_label, rating_id) VALUES
(1, 'Ambience', 4.25, 1),
(2, 'Service', 1.43, 2),
(3, 'Food', 3.1, 2),
(4, 'Service', 3.48, 3),
(5, 'Delivery', 2.07, 4),
(6, 'Price', 1.32, 4),
(7, 'Price', 3.26, 5),
(8, 'Service', 2.2, 5),
(9, 'Food', 1.37, 6),
(10, 'Price', 3.21, 7),
(11, 'Food', 3.55, 7),
(12, 'Food', 3.0, 8),
(13, 'Delivery', 3.26, 9),
(14, 'Food', 4.58, 9),
(15, 'Service', 1.85, 10),
(16, 'Delivery', 1.19, 11),
(17, 'Food', 3.74, 11),
(18, 'Ambience', 3.25, 12),
(19, 'Food', 1.72, 12),
(20, 'Food', 4.85, 13),
(21, 'Ambience', 1.58, 13),
(22, 'Food', 2.2, 14),
(23, 'Ambience', 1.96, 14),
(24, 'Ambience', 2.33, 15),
(25, 'Service', 4.16, 15),
(26, 'Ambience', 3.98, 16),
(27, 'Food', 1.39, 17),
(28, 'Service', 4.35, 17),
(29, 'Ambience', 4.08, 18),
(30, 'Ambience', 2.59, 18),
(31, 'Food', 3.54, 19),
(32, 'Price', 2.96, 19),
(33, 'Ambience', 4.76, 20),
(34, 'Price', 1.74, 20),
(35, 'Food', 4.09, 21),
(36, 'Delivery', 4.19, 21),
(37, 'Food', 2.07, 22),
(38, 'Service', 3.96, 23),
(39, 'Delivery', 2.44, 23),
(40, 'Food', 4.77, 24),
(41, 'Delivery', 4.05, 25),
(42, 'Food', 1.53, 25),
(43, 'Price', 2.8, 26),
(44, 'Food', 1.11, 27),
(45, 'Delivery', 3.22, 27),
(46, 'Price', 1.05, 28),
(47, 'Price', 2.55, 28),
(48, 'Ambience', 4.62, 29),
(49, 'Ambience', 3.08, 30),
(50, 'Service', 1.56, 31),
(51, 'Delivery', 2.07, 31),
(52, 'Food', 1.67, 32),
(53, 'Price', 2.2, 33),
(54, 'Food', 2.44, 33),
(55, 'Price', 3.38, 34),
(56, 'Price', 1.43, 35),
(57, 'Food', 4.8, 36),
(58, 'Delivery', 4.37, 36),
(59, 'Delivery', 2.76, 37),
(60, 'Price', 4.26, 37),
(61, 'Delivery', 2.28, 38),
(62, 'Price', 2.26, 39),
(63, 'Delivery', 2.17, 40),
(64, 'Price', 4.87, 40),
(65, 'Delivery', 2.5, 41),
(66, 'Delivery', 1.46, 42),
(67, 'Ambience', 1.8, 42),
(68, 'Ambience', 1.11, 43),
(69, 'Service', 2.75, 44),
(70, 'Delivery', 4.33, 44),
(71, 'Price', 3.69, 45),
(72, 'Delivery', 1.97, 46),
(73, 'Price', 4.16, 47),
(74, 'Price', 4.96, 48),
(75, 'Ambience', 2.6, 49),
(76, 'Ambience', 4.69, 49),
(77, 'Ambience', 1.15, 50),
(78, 'Delivery', 3.81, 50),
(79, 'Food', 4.08, 51),
(80, 'Service', 3.59, 52),
(81, 'Food', 3.25, 52),
(82, 'Delivery', 4.86, 53),
(83, 'Price', 1.42, 53),
(84, 'Delivery', 1.89, 54),
(85, 'Price', 2.5, 55),
(86, 'Ambience', 3.76, 56),
(87, 'Service', 2.38, 56),
(88, 'Price', 1.42, 57),
(89, 'Food', 1.46, 58),
(90, 'Service', 2.39, 58),
(91, 'Price', 4.14, 59),
(92, 'Ambience', 2.93, 59),
(93, 'Food', 2.75, 60),
(94, 'Price', 2.28, 60),
(95, 'Food', 4.24, 61),
(96, 'Food', 1.09, 61),
(97, 'Food', 3.71, 62),
(98, 'Service', 4.72, 62),
(99, 'Ambience', 1.7, 63),
(100, 'Delivery', 3.24, 64),
(101, 'Service', 4.19, 65),
(102, 'Service', 1.75, 65),
(103, 'Price', 1.12, 66),
(104, 'Ambience', 4.53, 66),
(105, 'Ambience', 2.72, 67),
(106, 'Food', 3.82, 67),
(107, 'Delivery', 4.01, 68),
(108, 'Ambience', 1.41, 69),
(109, 'Delivery', 2.3, 70),
(110, 'Food', 2.05, 71),
(111, 'Price', 3.11, 71),
(112, 'Ambience', 2.55, 72),
(113, 'Price', 3.35, 72),
(114, 'Delivery', 4.38, 73),
(115, 'Ambience', 1.69, 73),
(116, 'Ambience', 3.36, 74),
(117, 'Service', 2.25, 74),
(118, 'Delivery', 1.47, 75),
(119, 'Service', 3.04, 76),
(120, 'Price', 3.39, 76),
(121, 'Price', 1.74, 77),
(122, 'Ambience', 3.77, 77),
(123, 'Ambience', 1.67, 78),
(124, 'Service', 1.75, 79),
(125, 'Price', 3.48, 79),
(126, 'Food', 2.94, 80),
(127, 'Service', 4.26, 80),
(128, 'Price', 3.74, 81),
(129, 'Price', 3.84, 81),
(130, 'Price', 1.67, 82),
(131, 'Ambience', 1.12, 82),
(132, 'Delivery', 1.13, 83),
(133, 'Ambience', 2.15, 84),
(134, 'Ambience', 3.97, 85),
(135, 'Price', 3.2, 85),
(136, 'Ambience', 1.46, 86),
(137, 'Ambience', 4.29, 87),
(138, 'Food', 4.04, 87),
(139, 'Ambience', 1.87, 88),
(140, 'Price', 1.41, 88),
(141, 'Delivery', 4.5, 89),
(142, 'Price', 2.05, 90),
(143, 'Price', 4.46, 91),
(144, 'Service', 1.84, 92),
(145, 'Ambience', 3.53, 93),
(146, 'Service', 3.46, 93),
(147, 'Service', 4.22, 94),
(148, 'Ambience', 2.12, 95),
(149, 'Ambience', 1.67, 95),
(150, 'Delivery', 3.29, 96),
(151, 'Ambience', 4.94, 96),
(152, 'Service', 4.85, 97),
(153, 'Food', 4.97, 98),
(154, 'Service', 3.81, 98),
(155, 'Service', 1.58, 99),
(156, 'Service', 4.05, 100),
(157, 'Price', 2.96, 100),
(158, 'Price', 2.5, 101),
(159, 'Food', 3.53, 101),
(160, 'Price', 3.06, 102),
(161, 'Delivery', 2.82, 103),
(162, 'Price', 2.31, 103),
(163, 'Food', 3.92, 104),
(164, 'Delivery', 4.4, 105),
(165, 'Ambience', 2.59, 105),
(166, 'Service', 2.98, 106),
(167, 'Delivery', 4.31, 106),
(168, 'Ambience', 3.31, 107),
(169, 'Ambience', 4.41, 107),
(170, 'Food', 1.18, 108),
(171, 'Price', 1.07, 108),
(172, 'Price', 2.83, 109),
(173, 'Service', 4.98, 110),
(174, 'Service', 4.53, 110),
(175, 'Service', 4.5, 111),
(176, 'Delivery', 1.37, 111),
(177, 'Delivery', 1.33, 112),
(178, 'Service', 1.21, 112),
(179, 'Service', 2.72, 113),
(180, 'Food', 3.81, 113),
(181, 'Service', 2.91, 114),
(182, 'Ambience', 1.9, 115),
(183, 'Food', 1.03, 116),
(184, 'Delivery', 4.27, 116),
(185, 'Service', 2.91, 117),
(186, 'Service', 2.53, 117),
(187, 'Food', 2.25, 118),
(188, 'Service', 2.53, 119),
(189, 'Service', 3.57, 119),
(190, 'Food', 3.12, 120),
(191, 'Ambience', 3.6, 121),
(192, 'Delivery', 3.89, 122),
(193, 'Service', 4.68, 122),
(194, 'Service', 1.35, 123),
(195, 'Food', 1.56, 123),
(196, 'Ambience', 3.92, 124),
(197, 'Price', 2.26, 125),
(198, 'Service', 1.99, 125),
(199, 'Service', 3.21, 126),
(200, 'Food', 4.39, 127),
(201, 'Delivery', 1.82, 127),
(202, 'Price', 2.18, 128),
(203, 'Service', 2.98, 129),
(204, 'Service', 3.0, 130),
(205, 'Ambience', 4.55, 131),
(206, 'Delivery', 4.74, 132),
(207, 'Price', 4.44, 133),
(208, 'Delivery', 3.19, 134),
(209, 'Service', 4.05, 134),
(210, 'Food', 3.35, 135),
(211, 'Delivery', 1.86, 136),
(212, 'Price', 3.03, 137),
(213, 'Price', 3.81, 138),
(214, 'Food', 3.56, 138),
(215, 'Delivery', 1.33, 139),
(216, 'Ambience', 4.68, 140),
(217, 'Ambience', 2.31, 141),
(218, 'Delivery', 3.79, 142),
(219, 'Food', 1.98, 143),
(220, 'Food', 2.81, 144),
(221, 'Ambience', 1.22, 144),
(222, 'Food', 1.05, 145),
(223, 'Food', 1.66, 146),
(224, 'Ambience', 3.07, 147),
(225, 'Delivery', 1.67, 147),
(226, 'Delivery', 3.93, 148),
(227, 'Food', 2.34, 149),
(228, 'Delivery', 3.1, 150),
(229, 'Delivery', 3.85, 150);

-- Temp
INSERT INTO Temp (UniqueID, restaurant_id, platform_id, restaurant_rating) VALUES
(1, 74, 1, 3.74),
(2, 66, 2, 2.64),
(3, 73, 1, 3.42),
(4, 33, 1, 4.74),
(5, 87, 1, 3.07),
(6, 66, 1, 2.61),
(7, 2, 1, 2.61),
(8, 47, 2, 4.8),
(9, 23, 1, 3.88),
(10, 92, 2, 3.06),
(11, 32, 2, 4.79),
(12, 41, 2, 4.56),
(13, 74, 2, 2.8),
(14, 87, 1, 2.95),
(15, 67, 1, 4.89),
(16, 9, 2, 4.67),
(17, 100, 2, 3.32),
(18, 71, 2, 2.52),
(19, 26, 2, 3.91),
(20, 39, 1, 3.66),
(21, 76, 2, 4.99),
(22, 100, 1, 4.33),
(23, 70, 1, 2.88),
(24, 53, 1, 3.08),
(25, 45, 1, 4.88),
(26, 1, 2, 4.62),
(27, 94, 2, 2.76),
(28, 68, 1, 3.55),
(29, 8, 1, 4.28),
(30, 12, 1, 4.8),
(31, 67, 2, 4.25),
(32, 48, 2, 4.94),
(33, 11, 1, 3.76),
(34, 82, 2, 2.69),
(35, 73, 1, 3.59),
(36, 17, 1, 3.23),
(37, 41, 2, 4.25),
(38, 95, 2, 3.3),
(39, 35, 1, 2.69),
(40, 26, 1, 4.45),
(41, 75, 1, 2.89),
(42, 22, 2, 3.67),
(43, 53, 1, 3.84),
(44, 99, 1, 3.63),
(45, 60, 2, 4.63),
(46, 12, 1, 4.52),
(47, 39, 1, 3.04),
(48, 42, 1, 2.73),
(49, 32, 2, 3.49),
(50, 7, 2, 3.15);

-- Food Types
INSERT INTO Food_type (food_type_id, food_type_name, restaurant_id) VALUES
(1, 'Woman', 23),
(2, 'Occur', 4),
(3, 'Area', 52),
(4, 'Board', 58),
(5, 'Add', 72),
(6, 'Student', 96),
(7, 'Move', 71),
(8, 'Detail', 32),
(9, 'Chair', 13),
(10, 'Try', 60),
(11, 'City', 14),
(12, 'Require', 18),
(13, 'Car', 16),
(14, 'Far', 2),
(15, 'Recognize', 8),
(16, 'Positive', 100),
(17, 'Per', 29),
(18, 'Hand', 17),
(19, 'Hear', 26),
(20, 'Candidate', 52);